Country,Alcohol_Consumption,GDP,Christian,Muslim,Irreligion,Hindu,Buddhist,Folk_religion,Other_religion,Jewish,Democracy,Education,Wine,Year,Depression,Homicides,"Drug_deaths_per_100,000",Median_age,Population,conflict_deaths,deaths_to_pop_rate,elec_acc_pct_pop,Urban_population,Rural_population,pct_female
Afghanistan,0.21,555.14,0.01,99.7,0.0,0.0,0.0,0.0,0.06,0.0,0.29,2.76,0.0,2019,321.0,258.03968253968253,1.6,16.3,37769496.0,24295.0,0.0006432439553866432,97.6999969482422,9797274.0,28244483.0,48.66239547729492
Albania,7.17,4544.52,18.0,80.3,1.4,0.0,0.0,0.0,0.2,0.0,0.21,11.29,15925.0,2019,321.0,103.0,0.89,36.5,2873883.0,0.0,0.0,100.0,1747593.0,1106598.0,49.08610534667969
Algeria,0.95,4115.4,1.0,98.0,1.8,0.0,0.0,0.2,0.0,0.8,0.18,8.07,20830.0,2019,321.0,713.0,1.29,27.4,42705372.0,13.0,3.044113513400609e-07,99.5,31510100.0,11542954.0,49.481712341308594
Andorra,11.02,39003.38,89.5,0.8,8.8,0.5,0.0,0.0,0.1,0.3,0.0,10.56,0.0,2019,321.0,258.03968253968253,0.36,41.7,76361.0,0.0,0.0,100.0,67876.0,9270.0,0.5
Angola,6.94,3458.65,90.5,1.0,5.1,0.0,0.0,4.2,0.0,0.0,0.2,5.42,0.0,2019,321.0,258.03968253968253,0.48,16.1,32353592.0,16.0,4.945355062893789e-07,45.642799377441406,21061028.0,10764271.0,50.52747344970703
Antigua and Barbuda,6.38,16786.45,93.0,0.6,1.7,0.2,0.0,3.6,1.0,0.0,0.0,9.29,0.0,2019,321.0,2.0,0.44,33.8,92127.0,0.0,0.0,100.0,23799.0,73316.0,51.75719451904297
Argentina,9.65,12712.97,85.2,1.0,12.2,0.0,0.05,0.8,0.3,0.5,0.57,11.15,1301947.0,2019,321.0,258.03968253968253,0.17,30.8,44745516.0,0.0,0.0,100.0,41339571.0,3599141.0,51.22580337524414
Armenia,5.55,4350.47,98.5,0.0,1.3,0.0,0.0,0.0,0.1,0.0,0.68,11.28,12750.0,2019,321.0,112.0,0.28,33.7,2820604.0,0.0,0.0,100.0,1869846.0,1087882.0,52.96156311035156
Australia,10.51,58781.05,43.9,3.2,38.9,2.7,2.4,1.3,0.8,0.4,0.77,12.66,1197000.0,2019,321.0,243.0,4.11,36.4,25357168.0,0.0,0.0,100.0,21845994.0,3519751.0,50.19953536987305
Austria,11.96,46669.75,68.2,8.3,13.5,0.0,0.2,0.0,0.1,0.0,0.71,12.26,0.0,2019,321.0,47.0,1.53,42.4,8879939.0,0.0,0.0,100.0,5196085.0,3683835.0,50.76128768920898
Azerbaijan,4.41,5348.27,3.0,96.9,0.0,0.0,0.0,0.0,0.0,0.0,0.05,10.54,8773.0,2019,321.0,252.0,0.37,30.6,10232761.0,0.0,0.0,100.0,5616706.0,4407577.0,50.079872131347656
Bahamas,4.78,32136.76,96.0,0.1,3.1,0.0,0.0,0.3,0.3,0.0,0.0,12.64,0.0,2019,321.0,148.0,0.4,31.8,404563.0,0.0,0.0,100.0,323788.0,65698.0,51.41545486450195
Bahrain,1.09,21317.33,14.5,70.3,1.9,9.8,2.5,0.0,0.2,0.6,0.04,10.8,0.0,2019,321.0,5.0,0.24,31.2,1494195.0,0.0,0.0,100.0,1467102.0,174062.0,35.72872543334961
Bangladesh,0.02,1603.95,0.3,91.04,0.0,7.95,0.61,0.4,0.12,0.0,0.11,6.55,0.0,2019,321.0,258.03968253968253,0.2,25.5,165516220.0,155.0,9.364641120972917e-07,92.1999969482422,60987421.0,102058752.0,49.41691207885742
Barbados,9.69,16800.21,95.2,1.0,1.9,0.4,0.0,0.0,1.4,0.0,0.67,9.85,0.0,2019,321.0,32.0,0.23,38.4,280193.0,0.0,0.0,100.0,89430.0,197591.0,51.63663864135742
Belarus,11.45,6264.86,71.2,0.2,28.6,0.0,0.0,0.0,0.0,0.0,0.11,12.14,33970.0,2019,321.0,255.0,1.82,39.7,9673971.0,0.0,0.0,100.0,7445754.0,1974004.0,53.45193862915039
Belgium,11.08,43071.11,64.25,5.9,29.0,0.0,0.2,0.2,0.0,0.3,0.81,12.38,0.0,2019,321.0,149.0,1.66,40.7,11510569.0,0.0,0.0,100.0,11263911.0,225069.0,50.50422286987305
Belize,6.22,4701.04,87.6,0.1,8.9,0.2,0.5,1.5,0.1,1.0,0.0,9.01,0.0,2019,321.0,146.0,0.24,24.3,389103.0,0.0,0.0,92.72000122070312,179038.0,211313.0,50.22915267944336
Benin,2.81,1201.56,48.0,28.0,6.0,0.0,0.0,18.0,0.0,0.0,0.34,4.3,0.0,2019,321.0,726.0,0.2,17.4,12290443.0,1.0,8.136403219965302e-08,40.32868957519531,5648149.0,6153002.0,50.07897186279297
Bhutan,0.43,3238.06,0.0,0.0,0.0,25.0,74.7,1.9,0.0,0.0,0.53,5.17,0.0,2019,321.0,18.0,0.29,27.0,767467.0,0.0,0.0,100.0,317539.0,445555.0,46.92239761352539
Bolivia,4.43,3317.37,93.9,0.0,4.1,0.0,0.0,0.9,1.0,0.0,0.39,9.86,7054.0,2019,321.0,258.03968253968253,0.55,23.5,11777318.0,0.0,0.0,95.08000183105467,8033037.0,3480065.0,49.79970550537109
Bosnia and Herzegovina,7.15,5578.27,45.9,50.7,2.5,0.0,0.0,0.0,0.0,0.0,0.33,10.17,6042.0,2019,321.0,49.0,0.25,41.1,3360718.0,0.0,0.0,100.0,1605143.0,1695855.0,51.020904541015625
Botswana,6.59,7027.05,72.1,0.4,20.6,0.3,0.0,6.0,0.6,0.0,0.56,10.34,0.0,2019,321.0,389.0,0.37,23.1,2499705.0,0.0,0.0,69.9597396850586,1616554.0,687149.0,51.63803482055664
Brazil,7.42,8638.28,95.9,0.02,7.9,0.0,0.1,2.8,0.2,0.06,0.4,8.13,378772.0,2019,321.0,258.03968253968253,0.48,32.0,211782880.0,0.0,0.0,99.8000030517578,183241634.0,27807885.0,50.848899841308594
Brunei,0.48,30646.11,9.4,75.1,0.4,0.5,8.6,6.2,0.1,0.0,0.0,9.18,0.0,2019,321.0,3.0,0.66,30.8,438058.0,0.0,0.0,100.0,337720.0,95576.0,48.076602935791016
Bulgaria,12.65,8234.78,64.7,9.8,15.9,0.0,0.0,0.03,0.1,9.5,0.49,11.36,0.0,2019,321.0,84.0,0.94,43.9,7052536.0,0.0,0.0,100.0,5256027.0,1719734.0,51.42861175537109
Burkina Faso,12.03,738.22,22.5,62.0,0.4,0.0,0.0,15.4,0.0,0.0,0.59,2.11,0.0,2019,321.0,258.03968253968253,0.47,16.3,20951638.0,707.0,3.374437836316187e-05,18.374855041503903,6092351.0,14229032.0,50.06356430053711
Burundi,7.19,278.32,91.5,10.0,0.0,0.0,0.0,5.7,0.0,0.0,0.04,3.13,0.0,2019,321.0,760.0,0.25,15.3,11874838.0,80.0,6.73693401122609e-06,11.356528282165527,1541177.0,9989400.0,50.40154647827149
Cambodia,6.64,1441.18,0.4,2.0,0.2,0.1,96.9,0.6,0.0,0.0,0.07,5.09,0.0,2019,321.0,347.0,0.25,25.8,16207746.0,2.0,1.2339778769978257e-07,84.0,3924621.0,12561921.0,51.18828582763672
Cameroon,5.65,1449.28,70.3,30.0,5.3,0.0,0.0,3.3,2.7,0.0,0.15,6.15,0.0,2019,321.0,258.03968253968253,0.41,17.3,25782342.0,626.0,2.4280183700922127e-05,63.4898796081543,14741260.0,11135127.0,49.9932975769043
Canada,8.94,45109.25,72.0,2.1,23.7,1.4,0.8,1.2,0.9,1.0,0.77,13.83,69196.0,2019,321.0,605.0,6.28,39.8,37522584.0,1.0,2.665061659932589e-08,100.0,30638234.0,6962996.0,50.3795166015625
Cape Verde,5.6,3482.45,89.1,2.0,9.1,0.0,0.0,1.5,0.2,0.0,0.61,6.29,0.0,2019,321.0,73.0,0.21,25.6,577037.0,0.0,0.0,91.4000015258789,364030.0,185906.0,49.80579376220703
Central African Republic,2.38,418.32,89.5,15.0,1.0,0.0,0.0,1.0,0.0,0.0,0.23,4.33,0.0,2019,321.0,258.03968253968253,0.41,14.6,5209329.0,340.0,6.526752293817495e-05,14.300000190734863,1982061.0,2763118.0,50.43447113037109
Chad,1.37,660.07,40.6,58.0,2.5,0.0,0.0,1.4,0.1,0.0,0.13,2.57,0.0,2019,321.0,258.03968253968253,0.17,14.9,16126868.0,276.0,1.7114296464756826e-05,8.399999618530273,3712275.0,12234607.0,50.08101272583008
Chile,9.07,13866.96,89.4,0.0,8.6,0.0,0.06,1.5,0.2,0.1,0.78,10.93,1193876.0,2019,321.0,744.0,0.34,34.3,19039484.0,0.0,0.0,100.0,16610132.0,2341903.0,50.70833206176758
China,7.05,10155.42,0.0,0.0,0.0,0.0,0.0,0.0,0.0,0.0,0.13,7.6,2065561.0,2019,321.0,258.03968253968253,0.66,37.0,1421864100.0,0.0,0.0,100.0,848982855.0,558762145.0,48.69349670410156
Colombia,5.74,6390.37,86.0,0.2,11.0,0.01,0.01,1.0,2.0,0.01,0.45,8.64,2572.0,2019,321.0,258.03968253968253,0.24,30.0,50187404.0,0.0,0.0,99.75592041015624,40827302.0,9512141.0,50.90689849853516
Comoros,0.69,1284.29,0.2,99.8,0.0,0.0,0.0,0.0,0.0,0.0,0.25,5.08,0.0,2019,321.0,63.0,0.29,19.6,790993.0,0.0,0.0,84.29777526855469,248154.0,602737.0,49.55758285522461
Congo,9.27,1792.31,85.9,2.0,9.0,0.0,0.0,2.8,1.1,0.0,0.19,6.17,0.0,2019,321.0,539.0,0.63,18.0,5570736.0,0.0,0.0,48.407474517822266,3625007.0,1755497.0,50.05378723144531
Costa Rica,4.87,12735.09,90.9,0.0,7.9,0.0,0.0,0.8,0.3,0.0,0.84,8.76,0.0,2019,321.0,635.0,0.51,32.0,5084527.0,0.0,0.0,99.70999908447266,4041885.0,1005676.0,50.02459716796875
Cote d'Ivoire,2.71,2327.75,0.0,0.0,0.0,0.0,0.0,0.0,0.0,0.0,0.46,5.2,0.0,2019,321.0,258.03968253968253,0.23,17.3,26147544.0,10.0,3.824450969467725e-07,68.45955657958984,13176905.0,12539649.0,49.5492057800293
Croatia,9.23,14068.04,87.46,1.32,6.39,0.0,0.0,0.0,1.87,3.86,0.55,12.19,0.0,2019,321.0,45.0,1.43,43.3,4129749.0,0.0,0.0,100.0,2327032.0,1738221.0,51.81910705566406
Cuba,5.83,8031.04,59.2,0.0,23.0,0.2,0.0,17.4,0.0,0.0,0.11,12.5,10600.0,2019,321.0,584.0,0.2,40.9,11316699.0,0.0,0.0,99.8000030517578,8739136.0,2594348.0,50.342472076416016
Cyprus,10.81,28211.06,73.2,25.3,1.2,0.0,0.2,0.0,0.0,0.0,0.72,12.36,0.0,2019,321.0,15.0,1.1,36.6,1228840.0,0.0,0.0,100.0,800707.0,397867.0,49.99916458129883
Czechia,14.45,20202.15,0.0,0.0,0.0,0.0,0.0,0.0,0.0,0.0,0.64,12.87,68000.0,2019,321.0,66.0,1.05,41.9,10536876.0,0.0,0.0,100.0,7888753.0,2783117.0,50.78563690185547
Democratic Republic of Congo,2.0,512.59,95.8,1.9,1.8,0.05,0.0,0.7,0.1,3e-05,0.26,7.02,0.0,2019,321.0,258.03968253968253,0.41,15.6,89906900.0,1630.0,1.8129865449704084e-05,19.100000381469727,39095679.0,47694889.0,50.08777618408203
Denmark,10.26,57553.13,83.5,4.1,11.8,0.4,0.2,0.0,0.0,0.0,0.87,12.91,0.0,2019,321.0,63.0,3.16,41.1,5795879.0,0.0,0.0,100.0,5116342.0,698080.0,50.28182220458984
Djibouti,0.43,3278.53,2.3,96.9,0.2,0.0,0.0,0.3,0.0,0.2,0.14,4.1,0.0,2019,321.0,64.0,0.33,23.2,1073999.0,0.0,0.0,61.21192932128906,758547.0,215010.0,47.41479110717773
Dominica,11.18,7914.14,94.4,0.1,0.5,0.0,0.1,3.0,1.7,0.0,0.0,8.14,0.0,2019,321.0,258.03968253968253,0.61,31.2,71446.0,0.0,0.0,100.0,50830.0,20978.0,0.5
Dominican Republic,6.68,8314.34,88.0,0.0,10.9,0.0,0.0,0.9,0.1,0.0,0.37,9.31,0.0,2019,321.0,258.03968253968253,0.51,26.5,10881886.0,0.0,0.0,99.0,8787474.0,1951483.0,50.030548095703125
Ecuador,4.2,5853.81,94.1,0.0,5.5,0.0,0.0,0.3,0.0,0.0,0.5,8.8,0.0,2019,321.0,258.03968253968253,0.4,26.9,17343742.0,0.0,0.0,99.08999633789062,11116708.0,6256949.0,49.97894287109375
Egypt,0.36,3964.99,11.2,88.9,0.0,0.0,0.0,0.0,0.0,0.1,0.11,9.57,5413.0,2019,321.0,258.03968253968253,0.1,23.7,105618670.0,682.0,6.457191706731395e-06,100.0,42895825.0,57492251.0,49.47348403930664
El Salvador,3.89,3993.53,88.2,0.0,11.0,0.0,0.0,0.5,0.3,0.0,0.34,7.11,0.0,2019,321.0,258.03968253968253,0.18,25.5,6280222.0,0.0,0.0,97.36000061035156,4694699.0,1758851.0,53.15209579467773
Equatorial Guinea,7.23,7373.6,88.7,10.0,5.0,0.0,0.0,1.7,0.5,0.0,0.06,5.91,0.0,2019,321.0,45.0,0.56,21.0,1553037.0,0.0,0.0,66.60004425048828,984809.0,371173.0,44.407596588134766
Eritrea,1.44,13645.71782828283,50.0,48.0,0.1,0.0,0.0,0.4,0.0,0.0,0.03,4.89,0.0,2019,321.0,384.0,0.36,17.8,3498819.0,0.0,0.0,50.93699264526367,,,0.5
Estonia,9.23,20408.44,39.9,0.2,59.6,0.0,0.0,0.0,0.0,0.1,0.78,13.6,0.0,2019,321.0,28.0,9.95,41.2,1327039.0,0.0,0.0,100.0,916207.0,410648.0,52.73062515258789
Eswatini,10.04,3833.25,88.1,2.0,10.1,0.1,0.0,1.0,0.4,0.0,0.07,5.6,0.0,2019,321.0,212.0,0.43,21.0,1169620.0,0.0,0.0,76.86943817138672,275334.0,872799.0,50.98215866088867
Ethiopia,2.36,799.8,54.0,42.6,0.06,0.0,0.0,2.6,0.0,1.0,0.31,3.2,743.0,2019,321.0,258.03968253968253,0.38,18.1,114120590.0,165.0,1.445839002409644e-06,48.06359100341797,23788710.0,88290017.0,49.97354888916016
Fiji,3.32,5869.02,64.4,6.4,0.8,27.9,0.0,0.0,0.5,0.0,0.3,10.92,0.0,2019,321.0,19.0,0.35,26.3,918472.0,0.0,0.0,99.71588134765624,505049.0,384906.0,49.32788848876953
Finland,10.78,46135.08,81.6,0.8,17.6,0.0,0.0,0.0,0.0,0.0,0.8,12.87,0.0,2019,321.0,64.0,4.93,42.0,5521539.0,0.0,0.0,100.0,4717991.0,803615.0,50.70261001586914
France,12.33,38912.33,63.0,7.5,28.0,0.05,0.5,0.3,0.2,0.5,0.8,11.61,4165524.0,2019,321.0,538.0,1.75,41.2,64399760.0,0.0,0.0,100.0,54275936.0,12972990.0,51.59738159179688
Gabon,8.74,7116.08,76.5,11.2,5.6,0.0,0.0,6.0,0.7,0.0,0.28,9.44,0.0,2019,321.0,184.0,0.74,21.5,2242788.0,2.0,8.917472360294419e-07,90.7262954711914,1949693.0,222885.0,49.08390045166016
Gambia,3.55,714.08,0.0,0.0,0.0,0.0,0.0,0.0,0.0,0.0,0.38,4.49,0.0,2019,321.0,195.0,0.24,16.5,2508882.0,0.0,0.0,62.09999847412109,1453952.0,893744.0,50.40396881103516
Georgia,8.25,4773.42,88.5,10.7,0.7,0.0,0.0,0.0,0.0,0.0,0.52,12.82,138060.0,2019,321.0,90.0,0.58,36.2,3770814.0,0.0,0.0,100.0,2196346.0,1523815.0,52.31782531738281
Germany,12.91,43329.05,68.7,5.8,24.7,0.0,0.3,0.3,0.1,0.0,0.84,14.09,0.0,2019,321.0,769.0,1.86,45.0,83148140.0,0.0,0.0,100.0,64294010.0,18798952.0,50.60994338989258
Ghana,2.75,2053.59,74.9,17.8,4.2,0.0,0.0,4.9,0.2,0.0,0.6,8.33,0.0,2019,321.0,258.03968253968253,0.25,20.1,31522294.0,20.0,6.344715901704363e-07,83.5,17249055.0,13168803.0,49.31896209716797
Greece,10.18,19003.83,88.1,5.3,6.1,0.1,0.0,0.0,0.0,0.0,0.75,11.12,280336.0,2019,321.0,104.0,1.89,43.9,10574026.0,0.0,0.0,100.0,8511650.0,2209932.0,50.91857147216797
Grenada,9.48,10133.13,96.6,0.3,1.0,0.7,0.0,1.3,0.2,0.0,0.0,9.03,0.0,2019,321.0,7.0,0.8,30.1,122737.0,0.0,0.0,93.12096405029295,40764.0,71238.0,49.62054061889648
Guatemala,2.45,4254.04,95.2,0.0,4.1,0.0,0.0,0.6,0.07,0.0,0.32,5.68,0.0,2019,321.0,258.03968253968253,1.35,21.4,17106338.0,0.0,0.0,95.74200439453124,8540945.0,8063081.0,50.743896484375
Guinea,1.11,945.77,10.9,84.4,1.8,0.0,0.0,2.7,0.0,0.0,0.14,2.2,0.0,2019,321.0,258.03968253968253,0.22,17.4,12877537.0,13.0,1.009509815425108e-06,42.20000076293945,4661505.0,8109741.0,51.71908187866211
Guinea-Bissau,5.38,650.07,20.0,45.2,4.0,0.0,0.0,28.0,0.0,0.0,0.24,3.58,0.0,2019,321.0,173.0,0.3,17.9,1970460.0,0.0,0.0,30.961557388305664,840920.0,1079997.0,51.12422943115234
Guyana,6.89,6478.29,66.0,6.4,2.0,27.9,0.0,0.2,0.6,0.0,0.48,8.57,0.0,2019,321.0,194.0,0.29,25.0,798761.0,0.0,0.0,91.91575622558594,208915.0,573860.0,49.75938034057617
Haiti,2.73,1373.88,86.9,0.0,10.6,0.0,0.0,2.2,0.3,0.0,0.26,5.55,0.0,2019,321.0,258.03968253968253,0.37,22.6,11160441.0,0.0,0.0,45.990234375,6328949.0,4934130.0,50.65651321411133
Honduras,3.76,2482.12,87.6,0.1,10.5,0.0,0.1,1.1,0.6,0.0,0.27,7.09,0.0,2019,321.0,258.03968253968253,1.57,22.7,9958832.0,0.0,0.0,91.0999984741211,5626432.0,4119683.0,50.04169464111328
Hungary,11.35,15041.1,81.0,0.0,18.6,0.0,0.0,0.1,0.0,0.0,0.28,12.16,306200.0,2019,321.0,135.0,0.58,42.1,9771799.0,0.0,0.0,100.0,7000436.0,2770705.0,52.417118072509766
Iceland,9.12,57818.86,95.0,0.2,3.5,0.3,0.4,0.5,0.2,0.0,0.8,13.73,0.0,2019,321.0,4.0,3.69,35.5,360787.0,0.0,0.0,100.0,338406.0,22157.0,49.79014205932617
India,5.54,1972.76,2.3,14.23,0.24,79.8,0.7,0.0,1.04,1.72,0.3,6.66,0.0,2019,321.0,258.03968253968253,0.67,26.9,1383112100.0,688.0,4.974289502636843e-07,97.30826568603516,471031529.0,895386227.0,48.02983474731445
Indonesia,0.57,3877.38,10.53,83.91,3.04,1.69,0.73,0.04,0.02,0.0,0.55,8.36,0.0,2019,321.0,258.03968253968253,0.24,29.0,269582880.0,57.0,2.1143775895561321e-07,98.8499984741211,151509724.0,119115843.0,49.64638137817383
Iran,1.03,4785.03,0.4,96.5,1.5,0.0,0.0,0.0,1.6,0.0,0.15,10.64,0.0,2019,321.0,258.03968253968253,3.12,30.8,86564210.0,38.0,4.389804978292992e-07,100.0,62509613.0,20404280.0,49.477840423583984
Iraq,0.39,5154.28,0.8,99.0,0.1,0.0,0.0,0.0,0.06,0.0,0.27,7.91,0.0,2019,321.0,258.03968253968253,1.63,19.4,41563524.0,1779.0,4.280195298165767e-05,99.99200439453124,27783373.0,11526416.0,49.39730072021485
Ireland,12.88,75143.02,85.14,1.32,10.12,0.29,0.2,0.0,0.2,0.05,0.8,11.58,0.0,2019,321.0,38.0,3.87,36.9,4896021.0,0.0,0.0,100.0,3128618.0,1805722.0,50.385684967041016
Israel,4.21,38995.23,2.0,18.6,3.1,0.0,0.3,0.2,0.1,75.6,0.54,13.34,2719.0,2019,321.0,104.0,0.64,29.0,8607922.0,6.0,6.970323383506496e-07,100.0,8375041.0,678959.0,50.262454986572266
Italy,7.84,32090.99,83.3,3.7,12.4,0.1,0.2,0.1,0.1,0.08,0.79,10.65,4922500.0,2019,321.0,408.0,0.84,46.0,59727936.0,0.0,0.0,100.0,42249963.0,17479118.0,51.3443603515625
Jamaica,4.22,5065.38,77.2,0.0,17.2,0.0,0.0,4.5,1.0,0.0,0.7,9.15,0.0,2019,321.0,258.03968253968253,0.21,29.8,2813776.0,0.0,0.0,99.36762237548828,1650593.0,1297684.0,50.35337448120117
Japan,7.96,36362.36,1.6,0.2,57.0,0.04,36.2,0.4,4.7,0.0,0.74,13.37,82956.0,2019,321.0,266.0,0.27,47.6,125791680.0,0.0,0.0,100.0,115782416.0,10482515.0,51.16651153564453
Jordan,0.69,4133.55,2.2,97.2,0.0,0.1,0.4,0.0,0.0,0.0,0.22,10.4,419.0,2019,321.0,269.0,0.19,22.7,10698682.0,4.0,3.7387782906343046e-07,100.0,9213051.0,888646.0,49.38261413574219
Kazakhstan,4.76,11402.76,24.8,70.4,4.2,0.01,0.2,0.3,0.1,0.0,0.12,12.35,44479.0,2019,321.0,949.0,3.87,29.4,18754260.0,0.0,0.0,100.0,10652767.0,7860906.0,51.48754119873047
Kenya,2.78,1600.13,84.8,9.7,2.5,0.1,0.0,1.7,1.2,0.0,0.39,6.65,0.0,2019,321.0,258.03968253968253,0.29,18.7,50951452.0,68.0,1.334603771448947e-06,69.69999694824219,14461521.0,38112446.0,50.313087463378906
Kiribati,0.46,1664.51,97.0,0.2,0.8,0.0,0.0,0.0,2.0,0.0,0.0,7.98,0.0,2019,321.0,6.0,0.94,21.5,124252.0,0.0,0.0,90.03285217285156,64490.0,53118.0,50.83497619628906
Kuwait,0.0,27156.47,14.3,74.1,0.0,8.5,2.8,0.0,0.3,0.0,0.29,7.33,0.0,2019,321.0,75.0,0.59,36.2,4441105.0,0.0,0.0,100.0,4207077.0,0.0,39.07753372192383
Kyrgyzstan,6.26,1226.82,11.4,88.0,0.4,0.01,0.0,0.1,0.0,0.0,0.28,11.37,3797.0,2019,321.0,294.0,1.04,23.6,6323643.0,0.0,0.0,99.87423706054688,2362388.0,4093812.0,50.530303955078125
Laos,10.72,2579.25,1.5,0.0,0.9,0.01,66.0,30.7,0.7,0.0,0.07,5.37,0.0,2019,321.0,475.0,0.26,23.2,7212058.0,0.0,0.0,99.0920867919922,2555553.0,4613903.0,49.800540924072266
Latvia,12.77,16056.04,55.8,0.1,43.8,0.0,0.0,0.0,0.2,0.0,0.69,13.25,0.0,2019,321.0,94.0,2.31,43.2,1916552.0,0.0,0.0,100.0,1305648.0,608174.0,53.95554733276367
Lebanon,1.71,6823.1,47.3,55.3,0.3,0.0,0.2,0.0,0.0,0.0,0.33,8.72,8887.0,2019,321.0,285.0,2.34,28.2,5781912.0,14.0,2.421344358060102e-06,99.97486877441406,6084990.0,770719.0,49.6879768371582
Lesotho,4.59,1096.22,96.7,0.1,3.1,0.0,0.0,0.1,0.0,0.0,0.5,6.01,0.0,2019,321.0,924.0,0.42,21.7,2225710.0,0.0,0.0,44.50020980834961,607508.0,1517759.0,50.691184997558594
Liberia,6.12,650.41,85.9,20.0,1.4,0.0,0.0,0.5,0.1,0.0,0.4,5.08,0.0,2019,321.0,477.0,0.21,17.7,4985290.0,0.0,0.0,23.100000381469727,2548426.0,2388948.0,49.748268127441406
Libya,0.02,5971.85,2.7,96.6,0.2,0.0,0.3,0.0,0.0,0.0,0.24,7.6,0.0,2019,321.0,145.0,2.67,25.8,6569085.0,1039.0,0.00015816510214131801,68.64240264892578,5448598.0,1328855.0,49.49992370605469
Lithuania,13.22,17241.26,89.8,0.1,10.0,0.0,0.0,0.0,0.0,0.0,0.66,13.39,0.0,2019,321.0,132.0,5.9,43.3,2849083.0,0.0,0.0,100.0,1895962.0,898175.0,53.74464797973633
Luxembourg,12.94,108570.03,70.4,2.3,26.8,0.0,0.0,0.0,0.3,0.1,0.83,13.02,0.0,2019,321.0,3.0,2.04,38.5,619981.0,0.0,0.0,100.0,565584.0,54417.0,49.47298431396485
Madagascar,1.97,488.94,85.3,3.0,6.9,0.05,0.0,4.5,0.1,0.0,0.3,5.12,7917.0,2019,321.0,258.03968253968253,0.31,18.6,27533134.0,139.0,5.048462699524144e-06,31.040000915527344,10210849.0,16758457.0,50.11763000488281
Malawi,3.63,401.39,82.7,13.0,2.5,0.0,0.0,1.7,0.0,0.0,0.37,4.49,0.0,2019,321.0,406.0,0.36,16.4,18867340.0,0.0,0.0,11.199999809265137,3199301.0,15429448.0,50.692996978759766
Malaysia,0.85,11414.58,9.2,63.2,0.7,6.5,17.7,2.3,0.2,0.0,0.37,10.65,0.0,2019,321.0,869.0,0.43,29.0,32804024.0,0.0,0.0,100.0,24475775.0,7474014.0,48.59695816040039
Maldives,2.22,10197.09,0.0,100.0,0.0,0.0,0.0,0.0,0.0,0.0,0.34,7.32,0.0,2019,321.0,10.0,0.33,29.3,504518.0,0.0,0.0,100.0,213646.0,317311.0,36.704856872558594
Mali,1.28,815.38,3.2,95.0,0.6,0.0,0.0,1.2,0.0,0.0,0.39,2.31,0.0,2019,321.0,258.03968253968253,0.15,14.9,20567430.0,1170.0,5.6886057227373574e-05,47.83627700805664,8479685.0,11178338.0,49.9210205078125
Malta,7.99,27489.42,97.0,0.2,2.5,0.2,0.0,0.0,0.0,0.0,0.62,12.03,0.0,2019,321.0,4.0,1.85,39.0,503646.0,0.0,0.0,100.0,477236.0,26826.0,49.8650016784668
Mauritania,0.04,1620.99,0.1,99.9,0.0,0.0,0.0,0.0,0.0,0.0,0.29,4.92,0.0,2019,321.0,491.0,0.2,17.3,4383853.0,0.0,0.0,45.83003234863281,2466822.0,2058876.0,49.80126953125
Mauritius,4.35,10643.77,25.3,16.7,0.6,56.4,0.0,0.7,0.3,0.0,0.69,10.43,4114.0,2019,321.0,30.0,0.95,36.0,1296284.0,0.0,0.0,100.0,515980.0,749731.0,50.6193733215332
Mexico,5.0,9820.45,95.1,0.01,4.7,0.0,0.07,0.06,0.02,0.06,0.41,9.08,36640.0,2019,321.0,258.03968253968253,0.46,28.4,125085310.0,0.0,0.0,99.5999984741211,102626859.0,24948670.0,51.08514022827149
Micronesia (country),2.48,2921.15,0.0,0.0,0.0,0.0,0.0,0.0,0.0,0.0,0.0,7.8,0.0,2019,321.0,5.0,0.92,22.7,111392.0,0.0,0.0,81.2767333984375,25963.0,87848.0,49.15517807006836
Moldova,11.43,3435.48,97.4,0.6,1.4,0.0,0.0,0.6,0.0,0.0,0.36,11.82,182700.0,2019,321.0,167.0,0.59,35.6,3109496.0,0.0,0.0,100.0,1138637.0,1526337.0,52.07211685180664
Mongolia,8.19,4394.99,2.3,3.2,35.9,0.01,55.1,3.5,0.0,0.0,0.55,9.49,282.0,2019,321.0,197.0,0.63,26.6,3232435.0,0.0,0.0,97.22991180419922,2210626.0,1014540.0,50.70232009887695
Montenegro,11.47,7680.74,78.1,18.7,3.2,0.0,0.0,0.0,0.0,0.0,0.35,12.18,13045.0,2019,321.0,18.0,0.15,37.7,630403.0,0.0,0.0,100.0,417692.0,204336.0,50.555423736572266
Morocco,0.69,3044.91,0.06,99.9,0.0,0.0,0.0,0.0,0.01,0.04,0.25,5.92,41773.0,2019,321.0,632.0,1.15,28.0,36304410.0,0.0,0.0,99.5999984741211,22975024.0,13496742.0,50.3915901184082
Mozambique,2.3,598.81,56.7,18.0,17.9,0.0,0.0,7.4,0.0,0.0,0.27,3.2,0.0,2019,321.0,258.03968253968253,0.82,16.6,30285602.0,159.0,5.250019464694808e-06,29.674449920654297,11092108.0,19273935.0,51.43967056274414
Myanmar,5.12,1548.46,7.6,4.0,0.5,2.1,80.0,5.8,0.2,0.0,0.34,6.38,0.0,2019,321.0,258.03968253968253,0.4,28.5,53040212.0,617.0,1.1632683519439929e-05,68.35852813720703,16674094.0,37371328.0,51.80967330932617
Namibia,5.43,4506.17,97.5,0.3,1.9,0.0,0.0,0.2,0.0,0.0,0.51,7.19,0.0,2019,321.0,450.0,0.32,21.1,2446648.0,0.0,0.0,55.17708969116211,1273255.0,1221269.0,51.53937149047852
Nauru,3.71,8325.9,79.0,0.01,4.5,0.0,1.1,8.1,7.4,0.0,0.0,8.909257425742574,0.0,2019,280.0,258.03968253968253,0.98,20.2,12156.0,0.0,0.0,100.0,10764.0,0.0,0.5
Nepal,2.05,1069.79,0.45,4.6,0.0,84.0,10.0,3.7,0.07,0.0,0.4,5.12,0.0,2019,321.0,704.0,0.14,22.8,28832500.0,21.0,7.283447498482616e-07,89.9000015258789,5765514.0,22843201.0,54.39517974853516
Netherlands,9.61,48443.73,50.6,6.0,42.1,0.5,0.2,0.2,0.2,0.2,0.81,12.45,0.0,2019,321.0,107.0,0.93,41.6,17363260.0,0.0,0.0,100.0,15935776.0,1409098.0,50.197265625
New Zealand,10.63,40315.47,37.0,1.31,48.47,2.63,1.12,0.4,3.27,0.11,0.78,13.04,297400.0,2019,321.0,57.0,1.38,36.2,4959033.0,0.0,0.0,100.0,4312821.0,666479.0,50.843997955322266
Nicaragua,5.18,1984.82,85.8,0.0,12.5,0.0,0.0,1.4,0.1,0.0,0.03,7.14,0.0,2019,321.0,619.0,0.22,23.9,6663919.0,0.0,0.0,88.0583267211914,3846138.0,2699365.0,50.71449661254883
Niger,0.67,523.88,0.8,98.4,0.7,0.0,0.0,0.0,0.0,0.0,0.49,2.12,0.0,2019,321.0,258.03968253968253,0.12,14.4,23443400.0,395.0,1.6849091855276966e-05,18.974571228027344,3850231.0,19460488.0,49.746463775634766
Nigeria,10.84,2502.65,38.23,61.34,0.04,0.0,0.01,1.0,0.06,0.0,0.37,7.18,0.0,2019,321.0,258.03968253968253,0.22,16.9,203304500.0,3086.0,1.5179201640888421e-05,55.400001525878906,102806950.0,98156653.0,49.32820129394531
North Korea,3.8,13645.71782828283,2.0,0.0,71.3,0.0,1.5,12.3,12.9,0.0,0.01,8.909257425742574,0.0,2019,321.0,258.03968253968253,1.11,35.1,25755442.0,0.0,0.0,49.97200012207031,15947411.0,9718747.0,51.092166900634766
North Macedonia,6.16,5386.2,0.0,0.0,0.0,0.0,0.0,0.0,0.0,0.0,0.45,10.06,90624.0,2019,321.0,31.0,0.56,37.6,2114175.0,0.0,0.0,100.0,1208802.0,867892.0,49.972354888916016
Norway,7.41,76005.23,84.7,3.7,10.1,0.5,0.6,0.0,0.2,0.0,0.86,13.0,0.0,2019,321.0,32.0,3.99,38.8,5348285.0,0.0,0.0,100.0,4418218.0,929678.0,49.49092483520508
Oman,0.78,16694.13,6.5,85.9,0.2,5.5,0.8,0.0,1.0,0.0,0.07,11.23,0.0,2019,321.0,34.0,0.39,28.8,4602769.0,0.0,0.0,100.0,4250782.0,724210.0,33.980838775634766
Pakistan,0.34,1489.65,1.27,96.47,0.0,2.14,0.0,0.0,0.01,0.01,0.3,4.54,0.0,2019,321.0,258.03968253968253,0.54,19.8,223293280.0,500.0,2.2392075569851455e-06,74.12769317626953,79927762.0,136637555.0,48.53858184814453
Panama,7.98,15073.0,93.0,0.7,4.8,0.0,0.2,0.4,0.4,0.4,0.59,10.54,95.0,2019,321.0,730.0,0.45,28.3,4232538.0,0.0,0.0,95.81632995605467,2890085.0,1356355.0,49.924312591552734
Papua New Guinea,1.39,2816.72,99.2,0.0,0.0,0.0,0.0,0.4,0.2,0.0,0.25,4.74,0.0,2019,321.0,969.0,0.31,21.3,9542492.0,0.0,0.0,59.6629753112793,1162836.0,7613283.0,48.95225143432617
Paraguay,7.58,5774.17,96.9,0.0,1.1,0.0,0.0,1.7,0.2,0.0,0.38,8.81,1831.0,2019,321.0,566.0,0.22,25.0,6530029.0,0.0,0.0,99.6999969482422,4359152.0,2685487.0,49.16860961914063
Peru,6.38,6611.49,93.0,0.0,6.5,0.0,0.2,1.0,0.3,0.0,0.59,9.89,82000.0,2019,321.0,258.03968253968253,0.48,27.7,32824864.0,0.0,0.0,95.55136108398438,25390346.0,7120116.0,50.32909393310547
Philippines,6.86,3664.79,85.0,5.5,0.1,0.01,1.5,1.5,0.1,0.03,0.39,8.97,0.0,2019,321.0,258.03968253968253,0.32,24.0,110380800.0,419.0,3.7959500202933844e-06,95.64508056640624,50975906.0,57140716.0,49.76158905029297
Poland,11.71,15016.67,94.3,0.0,5.6,0.0,0.0,0.0,0.0,0.0,0.42,13.12,0.0,2019,321.0,294.0,0.47,40.2,38493600.0,0.0,0.0,100.0,22793332.0,15172143.0,51.539669036865234
Portugal,12.03,21617.41,93.8,0.6,4.4,0.1,0.6,0.5,0.0,0.0,0.84,9.33,634885.0,2019,321.0,96.0,0.38,44.4,10289921.0,0.0,0.0,100.0,6764658.0,3521605.0,52.7030143737793
Qatar,1.59,59098.53,14.2,65.5,0.9,15.1,3.1,0.0,0.7,0.0,0.1,10.0,0.0,2019,321.0,14.0,0.3,31.2,2807242.0,0.0,0.0,100.0,2809075.0,22996.0,24.665695190429688
Romania,11.74,11221.71,84.82,0.31,0.68,0.0,0.0,0.01,0.12,13.04,0.34,11.28,0.0,2019,321.0,255.0,0.57,41.3,19524212.0,0.0,0.0,100.0,10476962.0,8894686.0,51.36327362060547
Russia,11.19,9942.37,73.3,10.0,16.2,0.0,0.1,0.2,0.0,0.2,0.13,12.77,460000.0,2019,321.0,258.03968253968253,3.6,38.3,145742290.0,20.0,1.3722852852113138e-07,100.0,107708298.0,36697963.0,53.65606689453125
Rwanda,8.95,885.6,93.4,4.8,3.6,0.0,0.0,1.0,0.2,0.0,0.22,4.43,0.0,2019,321.0,548.0,0.23,18.7,12835029.0,1.0,7.791178344824932e-08,40.36860656738281,2186102.0,10440836.0,50.85042953491211
Saint Kitts and Nevis,8.94,21516.8,94.6,0.3,1.6,1.5,0.0,1.3,0.8,0.0,0.0,8.66,0.0,2019,321.0,258.03968253968253,0.35,33.1,47739.0,0.0,0.0,100.0,16272.0,36562.0,0.5
Saint Lucia,10.6,10914.5,91.1,0.1,6.0,0.3,0.0,0.5,2.0,0.0,0.0,8.55,0.0,2019,321.0,37.0,0.38,32.3,178594.0,0.0,0.0,99.50218200683594,34281.0,148514.0,50.753028869628906
Saint Vincent and the Grenadines,9.06,7219.89,88.7,1.5,2.5,3.4,0.0,2.0,2.0,0.0,0.0,10.83,0.0,2019,321.0,32.0,0.26,32.5,104940.0,0.0,0.0,100.0,58187.0,52406.0,49.27617645263672
Samoa,2.66,4502.93,96.8,0.1,2.5,0.0,0.0,0.0,0.3,0.0,0.0,11.43,0.0,2019,321.0,6.0,0.52,20.4,211915.0,0.0,0.0,99.1999969482422,35587.0,161506.0,48.245750427246094
Sao Tome and Principe,5.88,1672.9,0.0,0.0,0.0,0.0,0.0,0.0,0.0,0.0,0.54,6.22,0.0,2019,321.0,12.0,0.64,18.0,214612.0,0.0,0.0,74.96720123291016,158271.0,56777.0,49.95954513549805
Saudi Arabia,0.19,19801.88,4.4,93.0,0.7,1.1,0.3,0.3,0.3,0.0,0.05,10.95,0.0,2019,321.0,646.0,0.52,28.9,35827364.0,0.0,0.0,100.0,28807839.0,5460690.0,42.26909637451172
Senegal,0.76,1381.6,5.0,92.0,0.2,0.0,0.0,2.8,0.0,0.0,0.6,2.94,0.0,2019,321.0,258.03968253968253,0.2,17.5,16000783.0,2.0,1.249938831118452e-07,70.4000015258789,7765705.0,8530657.0,51.23799514770508
Serbia,8.75,6567.91,92.5,4.2,3.3,0.0,0.0,0.0,0.0,0.0,0.23,11.37,30184.0,2019,321.0,108.0,0.78,42.5,7401056.0,0.0,0.0,99.8000030517578,3907389.0,3037846.0,51.01080322265625
Seychelles,20.5,15913.95,94.0,1.1,2.1,2.1,0.0,0.0,0.6,0.0,0.43,10.28,0.0,2019,321.0,14.0,0.81,31.9,104386.0,0.0,0.0,100.0,55762.0,41863.0,48.67353439331055
Sierra Leone,5.7,649.76,21.0,78.0,0.1,0.0,0.0,1.0,0.0,0.0,0.49,4.58,0.0,2019,321.0,618.0,0.19,18.4,8046830.0,0.0,0.0,22.700000762939453,3319363.0,4493844.0,50.10563659667969
Singapore,2.03,61173.91,18.2,14.3,16.4,6.0,33.9,2.3,9.7,0.0,0.33,11.85,0.0,2019,321.0,15.0,0.23,40.7,5866408.0,0.0,0.0,100.0,5703569.0,0.0,47.65598678588867
Slovakia,11.14,18167.48,68.8,0.1,23.8,0.02,0.1,0.04,0.7,6.5,0.65,12.91,0.0,2019,321.0,59.0,0.29,39.8,5453932.0,0.0,0.0,100.0,2930459.0,2523688.0,51.31927490234375
Slovenia,11.9,24071.28,78.4,3.6,18.0,0.0,0.0,0.0,0.0,0.0,0.7,12.8,0.0,2019,321.0,19.0,1.35,42.6,2112905.0,0.0,0.0,100.0,1144894.0,943491.0,50.223365783691406
Solomon Islands,1.83,2289.59,97.4,0.1,0.2,0.0,0.3,1.3,0.7,0.0,0.36,5.71,0.0,2019,321.0,26.0,0.77,19.0,675000.0,0.0,0.0,69.80941772460938,162164.0,507657.0,49.153282165527344
Somalia,0.01,446.85,0.01,99.8,0.0,0.0,0.0,0.0,0.0,0.0,0.1,8.909257425742574,0.0,2019,321.0,828.0,0.2,15.1,15981312.0,1686.0,0.0001054982219232063,49.20000076293945,7034861.0,8408045.0,50.13764953613281
South Africa,9.52,6125.74,81.2,2.0,14.9,1.7,0.2,0.4,0.3,0.1,0.62,11.37,973500.0,2019,321.0,258.03968253968253,0.21,26.6,58087060.0,38.0,6.541904513673097e-07,85.0,39149715.0,19408552.0,50.71694564819336
South Korea,9.7,31640.21,29.4,0.2,46.4,0.11,22.9,0.8,0.2,0.0,0.77,12.51,0.0,2019,321.0,386.0,0.16,42.2,51803830.0,0.0,0.0,100.0,42152095.0,9612727.0,49.92816925048828
Spain,12.72,28101.53,78.6,2.1,19.0,0.04,0.0,0.04,0.02,0.1,0.78,10.37,3370000.0,2019,321.0,262.0,1.25,43.1,47131372.0,1.0,2.1217290258386706e-08,100.0,37974181.0,9160656.0,50.8724250793457
Sri Lanka,4.1,4225.11,0.0,0.0,0.0,30.6,70.3,0.0,0.0,0.0,0.39,10.63,0.0,2019,321.0,499.0,0.57,32.0,21649664.0,282.0,1.3025606309640648e-05,99.7585678100586,4052088.0,17750912.0,52.009273529052734
Sudan,0.51,1198.52,5.4,90.7,1.0,0.0,0.0,2.8,0.0,0.0,0.17,3.82,0.0,2019,321.0,258.03968253968253,1.2,18.2,43232092.0,101.0,2.336227448812794e-06,53.96253967285156,14957232.0,27856005.0,50.0435905456543
Suriname,5.33,9035.2,51.6,15.2,5.4,19.8,0.6,5.3,1.8,0.2,0.62,9.78,0.0,2019,321.0,34.0,0.58,27.6,600305.0,0.0,0.0,97.8254165649414,384252.0,197111.0,49.72934341430664
Sweden,8.93,53490.35,76.2,4.6,27.0,0.2,0.4,0.2,0.2,0.1,0.84,12.61,0.0,2019,321.0,113.0,4.53,39.6,10267922.0,0.0,0.0,100.0,9015406.0,1263481.0,49.92625427246094
Switzerland,11.53,88413.2,81.3,5.5,11.9,0.4,0.4,0.0,0.1,0.3,0.86,13.86,97945.0,2019,321.0,42.0,2.16,41.6,8575593.0,0.0,0.0,100.0,6332759.0,2242521.0,50.40761184692383
Syria,0.24,952.88,5.2,92.8,2.0,0.0,0.0,0.0,0.0,0.0,0.02,5.1,62.0,2019,321.0,444.0,1.29,19.7,20098252.0,6900.0,0.00034331343840250385,89.26921081542969,9358017.0,7712115.0,49.885860443115234
Tajikistan,3.28,1174.09,1.6,96.7,1.5,0.01,0.0,0.0,0.0,0.0,0.04,11.33,231.0,2019,321.0,170.0,0.34,21.2,9337008.0,0.0,0.0,99.63320922851562,2545478.0,6775545.0,49.59831237792969
Tanzania,11.27,1071.35,61.4,35.2,1.4,0.1,0.0,1.8,0.07,0.0,0.32,6.37,0.0,2019,321.0,258.03968253968253,0.58,16.6,59872584.0,19.0,3.1734057110346197e-07,37.65968704223633,20011884.0,37993577.0,50.038116455078125
Thailand,8.3,6617.54,0.9,5.5,0.3,0.2,93.2,0.09,0.0,0.0,0.06,8.7,0.0,2019,321.0,258.03968253968253,0.61,38.3,71307770.0,60.0,8.414230314592646e-07,99.9000015258789,35294600.0,34330981.0,51.30403900146485
Timor,2.17,1466.81,0.0,0.0,0.0,0.0,0.0,0.0,0.0,0.0,0.49,5.44,0.0,2019,321.0,60.0,0.17,19.7,1280442.0,0.0,0.0,90.79865264892578,400182.0,892938.0,49.462772369384766
Togo,2.46,630.79,43.7,20.0,6.2,0.0,0.0,35.6,0.6,0.0,0.31,5.02,0.0,2019,321.0,723.0,0.32,18.4,8243093.0,0.0,0.0,52.36310958862305,3414635.0,4667724.0,50.25405502319336
Tonga,0.8,4652.59,99.0,0.1,0.0,0.1,0.0,0.0,0.8,0.0,0.0,11.39,0.0,2019,321.0,4.0,0.4,21.3,104965.0,0.0,0.0,98.4000015258789,24146.0,80351.0,49.964115142822266
Trinidad and Tobago,6.72,16192.32,65.9,5.9,1.9,22.7,0.3,1.9,1.4,0.0,0.68,11.61,0.0,2019,321.0,549.0,0.59,34.4,1519960.0,0.0,0.0,100.0,741942.0,653027.0,50.60951232910156
Tunisia,2.12,4206.95,0.2,99.5,0.2,0.0,0.0,0.0,0.0,0.1,0.68,7.43,37000.0,2019,321.0,410.0,1.24,31.1,12049319.0,15.0,1.2448836320127303e-06,100.0,8099062.0,3595659.0,50.422245025634766
Turkey,2.05,11955.43,0.4,98.0,1.2,0.0,0.05,0.03,0.2,0.03,0.09,8.63,24623.0,2019,321.0,258.03968253968253,0.38,30.2,83481690.0,309.0,3.7014104529987353e-06,100.0,63097812.0,20331795.0,50.648563385009766
Turkmenistan,4.93,7692.58,6.4,93.0,0.5,0.0,0.0,0.0,0.0,0.0,0.04,11.26,40040.0,2019,321.0,169.0,1.26,25.3,6158424.0,0.0,0.0,99.9000015258789,3092741.0,2849353.0,50.76335144042969
Tuvalu,1.52,3674.35,99.8,0.2,0.0,0.0,0.0,0.0,0.0,0.0,0.0,10.46,0.0,2019,362.0,258.03968253968253,0.69,24.7,10983.0,0.0,0.0,99.6999969482422,7368.0,4287.0,0.5
Uganda,15.09,894.52,86.7,11.5,0.5,0.3,0.0,0.9,0.1,0.0,0.24,5.73,0.0,2019,321.0,258.03968253968253,0.22,15.5,42949076.0,61.0,1.4202866669355122e-06,41.29999923706055,10784514.0,33485073.0,50.74007415771485
Ukraine,8.32,2425.63,83.8,1.2,14.7,0.0,0.0,0.0,0.0,0.1,0.43,11.13,80650.0,2019,321.0,258.03968253968253,2.98,40.2,44211100.0,227.0,5.1344571838294e-06,100.0,30836427.0,13549776.0,53.677345275878906
United Arab Emirates,3.9,40438.34,14.0,70.0,1.1,10.0,2.0,0.0,0.8,0.0,0.08,12.69,0.0,2019,321.0,70.0,5.82,31.3,9211660.0,0.0,0.0,100.0,8479742.0,1290784.0,30.742664337158203
United Kingdom,11.45,47750.88,0.0,0.0,0.0,0.0,0.0,0.0,0.0,0.0,0.74,13.32,485.0,2019,321.0,868.0,3.68,39.3,66778660.0,2.0,2.994968751993526e-08,100.0,55909924.0,10926403.0,50.61253356933594
United States,9.87,60836.77,78.3,0.9,16.4,0.6,1.2,0.2,0.6,1.8,0.58,13.59,2583429.0,2019,321.0,258.03968253968253,18.83,37.3,334319680.0,31.0,9.272562117790972e-08,100.0,270737596.0,57592357.0,50.51848602294922
Uruguay,6.92,16036.3,57.9,0.0,40.7,0.0,0.0,0.8,0.3,0.3,0.83,8.98,60486.0,2019,321.0,295.0,0.37,34.7,3428412.0,0.0,0.0,99.9000015258789,3303391.0,158340.0,51.70367050170898
Uzbekistan,2.59,3161.42,2.3,96.7,0.8,0.01,0.01,0.01,0.0,0.01,0.19,11.9,21567.0,2019,321.0,485.0,0.62,26.2,32976946.0,0.0,0.0,100.0,16935578.0,16644772.0,50.12352752685547
Vanuatu,2.25,2900.49,93.3,0.1,1.2,0.0,0.0,4.1,1.4,0.0,0.64,7.06,0.0,2019,321.0,7.0,0.54,19.5,304414.0,0.0,0.0,64.5901870727539,76152.0,223730.0,49.300724029541016
Venezuela,4.14,13645.71782828283,89.3,0.3,10.0,0.0,0.0,0.2,0.07,0.0,0.04,11.11,0.0,2019,321.0,258.03968253968253,0.31,27.5,28971686.0,0.0,0.0,99.97681427001952,25162368.0,3353461.0,50.745853424072266
Vietnam,8.66,2604.22,8.2,0.2,29.6,0.21,16.4,45.3,0.4,0.0,0.21,8.37,14085.0,2019,321.0,258.03968253968253,1.12,31.2,95776710.0,0.0,0.0,99.4000015258789,35332141.0,61129967.0,50.08262634277344
World,6.18,11012.92,0.0,0.0,0.0,0.0,0.0,0.0,0.0,0.0,0.4,8.61,27025456.0,2019,321.0,258.03968253968253,1.57,29.5,7764951000.0,62985.0,8.111448481774064e-06,90.01130676269531,4280243891.0,3401367206.0,49.58270263671875
Yemen,0.05,13645.71782828283,0.2,99.1,0.1,0.6,0.0,0.0,0.0,0.0,0.03,3.2,0.0,2019,321.0,258.03968253968253,1.15,18.4,31546694.0,13402.0,0.000424830570201746,72.7510757446289,10869523.0,18292399.0,49.61825942993164
Zambia,6.54,1348.74,97.6,1.0,0.5,0.1,0.0,0.3,0.9,0.0,0.24,7.19,0.0,2019,321.0,258.03968253968253,0.56,16.6,18380478.0,1.0,5.440554919191982e-08,43.0,7871715.0,9989319.0,50.48878860473633
Zimbabwe,4.67,1414.83,87.0,1.0,7.9,0.0,0.0,3.8,0.3,0.08,0.2,8.71,1361.0,2019,321.0,258.03968253968253,1.38,17.7,15354606.0,11.0,7.16397411955735e-07,46.78147506713867,4717307.0,9928166.0,52.317325592041016
